epoch,loss,lr,mae,mape,mse,val_loss,val_mae,val_mape,val_mse
0,2.1890189600526355e-05,0.001,0.001522353384643793,23.52985191345215,2.1890189600526355e-05,2.423506430204725e-06,0.000629799033049494,8.152605056762695,2.423506430204725e-06
1,2.0371473510749638e-05,0.001,0.0018158350139856339,89.4378433227539,2.0371473510749638e-05,2.7382845928514143e-06,0.000887072819750756,19.353675842285156,2.7382845928514143e-06
1,2.0366305761854164e-05,0.001,0.0018154827412217855,89.41678619384766,2.0366305761854164e-05,2.733919473030255e-06,0.0008862942922860384,19.333538055419922,2.733919473030255e-06
2,3.3479815897408116e-07,0.001,0.00029896118212491274,8.508018493652344,3.3479815897408116e-07,4.5049881691738847e-07,0.00029831440770067275,4.92980432510376,4.5049881691738847e-07
