epoch,loss,lr,mae,mape,mse,val_loss,val_mae,val_mape,val_mse
57,3.778301671530926e-09,3.125e-05,3.2597996323602274e-05,1.194712519645691,3.778301671530926e-09,5.92860960324515e-09,3.2488191209267825e-05,0.5428955554962158,5.92860960324515e-09
58,4.791387198110897e-08,3.125e-05,6.906141061335802e-05,1.455897569656372,4.791387198110897e-08,5.92061066839733e-09,3.24977190757636e-05,0.5847078561782837,5.92061066839733e-09
59,4.718638813017151e-09,3.125e-05,3.397594264242798e-05,1.518009066581726,4.718638813017151e-09,5.864531971155884e-09,3.22592313750647e-05,0.556157112121582,5.864531971155884e-09
60,2.568710577577349e-09,3.125e-05,2.637890247569885e-05,0.8034989833831787,2.568710577577349e-09,5.800613323003745e-09,3.240364821976982e-05,0.5386714339256287,5.800613323003745e-09
61,3.4030989137789902e-09,3.125e-05,2.7881678761332296e-05,0.6989848017692566,3.4030989137789902e-09,5.734485331032602e-09,3.225216278224252e-05,0.5419272184371948,5.734485331032602e-09
62,4.825880139947003e-09,3.125e-05,3.136340092169121e-05,0.7434285283088684,4.825880139947003e-09,5.676543679555834e-09,3.182224099873565e-05,0.5353328585624695,5.676543679555834e-09
63,4.973509160066669e-09,3.125e-05,3.0492112273350358e-05,0.6994017958641052,4.973509160066669e-09,5.621340282147003e-09,3.177208418492228e-05,0.5334665775299072,5.621340282147003e-09
64,3.6996488095297764e-09,3.125e-05,2.933386895165313e-05,0.8259890675544739,3.6996488095297764e-09,5.600740760058898e-09,3.1775638490216807e-05,0.5366672277450562,5.600740760058898e-09
65,2.6681673759298974e-08,3.125e-05,5.095590677228756e-05,1.0206972360610962,2.6681673759298974e-08,5.5697575440660785e-09,3.146734889014624e-05,0.5740875005722046,5.5697575440660785e-09
